product_slug,category,rank,source_relative_path
oando-educational--academia,educational,1,oando-educational--academia/image-1.webp
oando-educational--academia,educational,2,oando-educational--academia/image-2.webp
oando-educational--academia,educational,3,oando-educational--academia/image-3.webp
oando-educational--academia,educational,4,oando-educational--academia/image-4.webp
oando-educational--academia,educational,5,oando-educational--academia/image-5.webp
oando-educational--academia,educational,6,oando-educational--academia/image-6.webp
oando-educational--academia,educational,7,oando-educational--academia/image-7.webp
oando-educational--audi-chair,educational,1,oando-educational--audi-chair/image-1.webp
oando-educational--audi-chair,educational,2,oando-educational--audi-chair/image-2.webp
oando-educational--audi-chair,educational,3,oando-educational--audi-chair/image-3.webp
oando-educational--audi-chair,educational,4,oando-educational--audi-chair/image-4.webp
oando-educational--audi-chair,educational,5,oando-educational--audi-chair/image-5.webp
oando-educational--audi-chair,educational,6,oando-educational--audi-chair/image-6.webp
oando-educational--audi-chair,educational,7,oando-educational--audi-chair/image-7.webp
oando-educational--classcraft,educational,1,oando-educational--classcraft/image-1.webp
oando-educational--classcraft,educational,2,oando-educational--classcraft/image-2.webp
oando-educational--classcraft,educational,3,oando-educational--classcraft/image-3.webp
oando-educational--classcraft,educational,4,oando-educational--classcraft/image-4.webp
oando-educational--classcraft,educational,5,oando-educational--classcraft/image-5.webp
oando-educational--classcraft,educational,6,oando-educational--classcraft/image-6.webp
oando-educational--classcraft,educational,7,oando-educational--classcraft/image-7.webp
oando-educational--connecta,educational,1,oando-educational--connecta/image-1.webp
oando-educational--connecta,educational,2,oando-educational--connecta/image-2.webp
oando-educational--connecta,educational,3,oando-educational--connecta/image-3.webp
oando-educational--connecta,educational,4,oando-educational--connecta/image-4.webp
oando-educational--connecta,educational,5,oando-educational--connecta/image-5.webp
oando-educational--connecta,educational,6,oando-educational--connecta/image-6.webp
oando-educational--connecta,educational,7,oando-educational--connecta/image-7.webp
oando-educational--forma,educational,1,oando-educational--forma/image-1.webp
oando-educational--forma,educational,2,oando-educational--forma/image-2.webp
oando-educational--forma,educational,3,oando-educational--forma/image-3.webp
oando-educational--forma,educational,4,oando-educational--forma/image-4.webp
oando-educational--forma,educational,5,oando-educational--forma/image-5.webp
oando-educational--forma,educational,6,oando-educational--forma/image-6.webp
oando-educational--forma,educational,7,oando-educational--forma/image-7.webp
oando-educational--learnix,educational,1,oando-educational--learnix/image-1.webp
oando-educational--learnix,educational,2,oando-educational--learnix/image-2.webp
oando-educational--learnix,educational,3,oando-educational--learnix/image-3.webp
oando-educational--learnix,educational,4,oando-educational--learnix/image-4.webp
oando-educational--learnix,educational,5,oando-educational--learnix/image-5.webp
oando-educational--learnix,educational,6,oando-educational--learnix/image-6.webp
oando-educational--learnix,educational,7,oando-educational--learnix/image-7.webp
oando-educational--magazine-rack,educational,1,oando-educational--magazine-rack/image-1.webp
oando-educational--magazine-rack,educational,2,oando-educational--magazine-rack/image-2.webp
oando-educational--magazine-rack,educational,3,oando-educational--magazine-rack/image-3.webp
oando-educational--magazine-rack,educational,4,oando-educational--magazine-rack/image-4.webp
oando-educational--magazine-rack,educational,5,oando-educational--magazine-rack/image-5.webp
oando-educational--magazine-rack,educational,6,oando-educational--magazine-rack/image-6.webp
oando-educational--magazine-rack,educational,7,oando-educational--magazine-rack/image-7.webp
oando-educational--metal-bed,educational,1,oando-educational--metal-bed/image-1.webp
oando-educational--metal-bed,educational,2,oando-educational--metal-bed/image-2.webp
oando-educational--metal-bed,educational,3,oando-educational--metal-bed/image-3.webp
oando-educational--metal-bed,educational,4,oando-educational--metal-bed/image-4.webp
oando-educational--metal-bed,educational,5,oando-educational--metal-bed/image-5.webp
oando-educational--metal-bed,educational,6,oando-educational--metal-bed/image-6.webp
oando-educational--metal-bed,educational,7,oando-educational--metal-bed/image-7.webp
oando-educational--performer,educational,1,oando-educational--performer/image-1.webp
oando-educational--performer,educational,2,oando-educational--performer/image-2.webp
oando-educational--performer,educational,3,oando-educational--performer/image-3.webp
oando-educational--performer,educational,4,oando-educational--performer/image-4.webp
oando-educational--performer,educational,5,oando-educational--performer/image-5.webp
oando-educational--performer,educational,6,oando-educational--performer/image-6.webp
oando-educational--performer,educational,7,oando-educational--performer/image-7.webp
oando-educational--podium,educational,1,oando-educational--podium/image-1.webp
oando-educational--podium,educational,2,oando-educational--podium/image-2.webp
oando-educational--podium,educational,3,oando-educational--podium/image-3.webp
oando-educational--podium,educational,4,oando-educational--podium/image-4.webp
oando-educational--podium,educational,5,oando-educational--podium/image-5.webp
oando-educational--podium,educational,6,oando-educational--podium/image-6.webp
oando-educational--podium,educational,7,oando-educational--podium/image-7.webp
oando-educational--wooden-bed,educational,1,oando-educational--wooden-bed/image-1.webp
oando-educational--wooden-bed,educational,2,oando-educational--wooden-bed/image-2.webp
oando-educational--wooden-bed,educational,3,oando-educational--wooden-bed/image-3.webp
oando-educational--wooden-bed,educational,4,oando-educational--wooden-bed/image-4.webp
oando-educational--wooden-bed,educational,5,oando-educational--wooden-bed/image-5.webp
oando-educational--wooden-bed,educational,6,oando-educational--wooden-bed/image-6.webp
oando-educational--wooden-bed,educational,7,oando-educational--wooden-bed/image-7.webp
oando-educational--xplorer,educational,1,oando-educational--xplorer/image-1.webp
oando-educational--xplorer,educational,2,oando-educational--xplorer/image-2.webp
oando-educational--xplorer,educational,3,oando-educational--xplorer/image-3.webp
oando-educational--xplorer,educational,4,oando-educational--xplorer/image-4.webp
oando-educational--xplorer,educational,5,oando-educational--xplorer/image-5.webp
oando-educational--xplorer,educational,6,oando-educational--xplorer/image-6.webp
oando-educational--xplorer,educational,7,oando-educational--xplorer/image-7.webp
oando-seating--arvo,seating,1,oando-seating--arvo/image-1.webp
oando-seating--arvo,seating,2,oando-seating--arvo/image-2.webp
oando-seating--arvo,seating,3,oando-seating--arvo/image-3.webp
oando-seating--arvo,seating,4,oando-seating--arvo/image-4.webp
oando-seating--arvo,seating,5,oando-seating--arvo/image-5.webp
oando-seating--arvo,seating,6,oando-seating--arvo/image-6.webp
oando-seating--arvo,seating,7,oando-seating--arvo/image-7.webp
oando-seating--breeze,seating,1,oando-seating--breeze/image-1.webp
oando-seating--breeze,seating,2,oando-seating--breeze/image-2.webp
oando-seating--breeze,seating,3,oando-seating--breeze/image-3.webp
oando-seating--breeze,seating,4,oando-seating--breeze/image-4.webp
oando-seating--breeze,seating,5,oando-seating--breeze/image-5.webp
oando-seating--breeze,seating,6,oando-seating--breeze/image-6.webp
oando-seating--breeze,seating,7,oando-seating--breeze/image-7.webp
oando-seating--cafe-sleek,seating,1,oando-seating--cafe-sleek/image-1.webp
oando-seating--cafe-sleek,seating,2,oando-seating--cafe-sleek/image-2.webp
oando-seating--cafe-sleek,seating,3,oando-seating--cafe-sleek/image-3.webp
oando-seating--cafe-sleek,seating,4,oando-seating--cafe-sleek/image-4.webp
oando-seating--cafe-sleek,seating,5,oando-seating--cafe-sleek/image-5.webp
oando-seating--cafe-sleek,seating,6,oando-seating--cafe-sleek/image-6.webp
oando-seating--cafe-sleek,seating,7,oando-seating--cafe-sleek/image-7.webp
oando-seating--canaret,seating,1,oando-seating--canaret/image-1.webp
oando-seating--canaret,seating,2,oando-seating--canaret/image-2.webp
oando-seating--canaret,seating,3,oando-seating--canaret/image-3.webp
oando-seating--canaret,seating,4,oando-seating--canaret/image-4.webp
oando-seating--canaret,seating,5,oando-seating--canaret/image-5.webp
oando-seating--canaret,seating,6,oando-seating--canaret/image-6.webp
oando-seating--canaret,seating,7,oando-seating--canaret/image-7.webp
oando-seating--caneva,seating,1,oando-seating--caneva/image-1.webp
oando-seating--caneva,seating,2,oando-seating--caneva/image-2.webp
oando-seating--caneva,seating,3,oando-seating--caneva/image-3.webp
oando-seating--caneva,seating,4,oando-seating--caneva/image-4.webp
oando-seating--caneva,seating,5,oando-seating--caneva/image-5.webp
oando-seating--caneva,seating,6,oando-seating--caneva/image-6.webp
oando-seating--caneva,seating,7,oando-seating--caneva/image-7.webp
oando-seating--caneva-high,seating,1,oando-seating--caneva-high/image-1.webp
oando-seating--caneva-high,seating,2,oando-seating--caneva-high/image-2.webp
oando-seating--caneva-high,seating,3,oando-seating--caneva-high/image-3.webp
oando-seating--caneva-high,seating,4,oando-seating--caneva-high/image-4.webp
oando-seating--caneva-high,seating,5,oando-seating--caneva-high/image-5.webp
oando-seating--caneva-high,seating,6,oando-seating--caneva-high/image-6.webp
oando-seating--caneva-high,seating,7,oando-seating--caneva-high/image-7.webp
oando-seating--casca,seating,1,oando-seating--casca/image-1.webp
oando-seating--casca,seating,2,oando-seating--casca/image-2.webp
oando-seating--casca,seating,3,oando-seating--casca/image-3.webp
oando-seating--casca,seating,4,oando-seating--casca/image-4.webp
oando-seating--casca,seating,5,oando-seating--casca/image-5.webp
oando-seating--casca,seating,6,oando-seating--casca/image-6.webp
oando-seating--casca,seating,7,oando-seating--casca/image-7.webp
oando-seating--crox,seating,1,oando-seating--crox/image-1.webp
oando-seating--crox,seating,2,oando-seating--crox/image-2.webp
oando-seating--crox,seating,3,oando-seating--crox/image-3.webp
oando-seating--crox,seating,4,oando-seating--crox/image-4.webp
oando-seating--crox,seating,5,oando-seating--crox/image-5.webp
oando-seating--crox,seating,6,oando-seating--crox/image-6.webp
oando-seating--crox,seating,7,oando-seating--crox/image-7.webp
oando-seating--dive,seating,1,oando-seating--dive/image-1.webp
oando-seating--dive,seating,2,oando-seating--dive/image-2.webp
oando-seating--dive,seating,3,oando-seating--dive/image-3.webp
oando-seating--dive,seating,4,oando-seating--dive/image-4.webp
oando-seating--dive,seating,5,oando-seating--dive/image-5.webp
oando-seating--dive,seating,6,oando-seating--dive/image-6.webp
oando-seating--dive,seating,7,oando-seating--dive/image-7.webp
oando-seating--ember,seating,1,oando-seating--ember/image-1.webp
oando-seating--ember,seating,2,oando-seating--ember/image-2.webp
oando-seating--ember,seating,3,oando-seating--ember/image-3.webp
oando-seating--ember,seating,4,oando-seating--ember/image-4.webp
oando-seating--ember,seating,5,oando-seating--ember/image-5.webp
oando-seating--ember,seating,6,oando-seating--ember/image-6.webp
oando-seating--ember,seating,7,oando-seating--ember/image-7.webp
oando-seating--flare,seating,1,oando-seating--flare/image-1.webp
oando-seating--flare,seating,2,oando-seating--flare/image-2.webp
oando-seating--flare,seating,3,oando-seating--flare/image-3.webp
oando-seating--flare,seating,4,oando-seating--flare/image-4.webp
oando-seating--flare,seating,5,oando-seating--flare/image-5.webp
oando-seating--flare,seating,6,oando-seating--flare/image-6.webp
oando-seating--flare,seating,7,oando-seating--flare/image-7.webp
oando-seating--flex,seating,1,oando-seating--flex/image-1.webp
oando-seating--flex,seating,2,oando-seating--flex/image-2.webp
oando-seating--flex,seating,3,oando-seating--flex/image-3.webp
oando-seating--flex,seating,4,oando-seating--flex/image-4.webp
oando-seating--flex,seating,5,oando-seating--flex/image-5.webp
oando-seating--flex,seating,6,oando-seating--flex/image-6.webp
oando-seating--flex,seating,7,oando-seating--flex/image-7.webp
oando-seating--flip,seating,1,oando-seating--flip/image-1.webp
oando-seating--flip,seating,2,oando-seating--flip/image-2.webp
oando-seating--flip,seating,3,oando-seating--flip/image-3.webp
oando-seating--flip,seating,4,oando-seating--flip/image-4.webp
oando-seating--flip,seating,5,oando-seating--flip/image-5.webp
oando-seating--flip,seating,6,oando-seating--flip/image-6.webp
oando-seating--flip,seating,7,oando-seating--flip/image-7.webp
oando-seating--fluid,seating,1,oando-seating--fluid/image-1.webp
oando-seating--fluid,seating,2,oando-seating--fluid/image-2.webp
oando-seating--fluid,seating,3,oando-seating--fluid/image-3.webp
oando-seating--fluid,seating,4,oando-seating--fluid/image-4.webp
oando-seating--fluid,seating,5,oando-seating--fluid/image-5.webp
oando-seating--fluid,seating,6,oando-seating--fluid/image-6.webp
oando-seating--fluid,seating,7,oando-seating--fluid/image-7.webp
oando-seating--fluid-x,seating,1,oando-seating--fluid-x/image-1.webp
oando-seating--fluid-x,seating,2,oando-seating--fluid-x/image-2.webp
oando-seating--fluid-x,seating,3,oando-seating--fluid-x/image-3.webp
oando-seating--fluid-x,seating,4,oando-seating--fluid-x/image-4.webp
oando-seating--fluid-x,seating,5,oando-seating--fluid-x/image-5.webp
oando-seating--fluid-x,seating,6,oando-seating--fluid-x/image-6.webp
oando-seating--fluid-x,seating,7,oando-seating--fluid-x/image-7.webp
oando-seating--fusion,seating,1,oando-seating--fusion/image-1.webp
oando-seating--fusion,seating,2,oando-seating--fusion/image-2.webp
oando-seating--fusion,seating,3,oando-seating--fusion/image-3.webp
oando-seating--fusion,seating,4,oando-seating--fusion/image-4.webp
oando-seating--fusion,seating,5,oando-seating--fusion/image-5.webp
oando-seating--fusion,seating,6,oando-seating--fusion/image-6.webp
oando-seating--fusion,seating,7,oando-seating--fusion/image-7.webp
oando-seating--halo,seating,1,oando-seating--halo/image-1.webp
oando-seating--halo,seating,2,oando-seating--halo/image-2.webp
oando-seating--halo,seating,3,oando-seating--halo/image-3.webp
oando-seating--halo,seating,4,oando-seating--halo/image-4.webp
oando-seating--halo,seating,5,oando-seating--halo/image-5.webp
oando-seating--halo,seating,6,oando-seating--halo/image-6.webp
oando-seating--halo,seating,7,oando-seating--halo/image-7.webp
oando-seating--leaf,seating,1,oando-seating--leaf/image-1.webp
oando-seating--leaf,seating,2,oando-seating--leaf/image-2.webp
oando-seating--leaf,seating,3,oando-seating--leaf/image-3.webp
oando-seating--leaf,seating,4,oando-seating--leaf/image-4.webp
oando-seating--leaf,seating,5,oando-seating--leaf/image-5.webp
oando-seating--leaf,seating,6,oando-seating--leaf/image-6.webp
oando-seating--leaf,seating,7,oando-seating--leaf/image-7.webp
oando-seating--lexus,seating,1,oando-seating--lexus/image-1.webp
oando-seating--lexus,seating,2,oando-seating--lexus/image-2.webp
oando-seating--lexus,seating,3,oando-seating--lexus/image-3.webp
oando-seating--lexus,seating,4,oando-seating--lexus/image-4.webp
oando-seating--lexus,seating,5,oando-seating--lexus/image-5.webp
oando-seating--lexus,seating,6,oando-seating--lexus/image-6.webp
oando-seating--lexus,seating,7,oando-seating--lexus/image-7.webp
oando-seating--lisbo,seating,1,oando-seating--lisbo/image-1.webp
oando-seating--lisbo,seating,2,oando-seating--lisbo/image-2.webp
oando-seating--lisbo,seating,3,oando-seating--lisbo/image-3.webp
oando-seating--lisbo,seating,4,oando-seating--lisbo/image-4.webp
oando-seating--lisbo,seating,5,oando-seating--lisbo/image-5.webp
oando-seating--lisbo,seating,6,oando-seating--lisbo/image-6.webp
oando-seating--lisbo,seating,7,oando-seating--lisbo/image-7.webp
oando-seating--logica,seating,1,oando-seating--logica/image-1.webp
oando-seating--logica,seating,2,oando-seating--logica/image-2.webp
oando-seating--logica,seating,3,oando-seating--logica/image-3.webp
oando-seating--logica,seating,4,oando-seating--logica/image-4.webp
oando-seating--logica,seating,5,oando-seating--logica/image-5.webp
oando-seating--logica,seating,6,oando-seating--logica/image-6.webp
oando-seating--logica,seating,7,oando-seating--logica/image-7.webp
oando-seating--moonlight,seating,1,oando-seating--moonlight/image-1.webp
oando-seating--moonlight,seating,2,oando-seating--moonlight/image-2.webp
oando-seating--moonlight,seating,3,oando-seating--moonlight/image-3.webp
oando-seating--moonlight,seating,4,oando-seating--moonlight/image-4.webp
oando-seating--moonlight,seating,5,oando-seating--moonlight/image-5.webp
oando-seating--moonlight,seating,6,oando-seating--moonlight/image-6.webp
oando-seating--moonlight,seating,7,oando-seating--moonlight/image-7.webp
oando-seating--myel,seating,1,oando-seating--myel/image-1.webp
oando-seating--myel,seating,2,oando-seating--myel/image-2.webp
oando-seating--myel,seating,3,oando-seating--myel/image-3.webp
oando-seating--myel,seating,4,oando-seating--myel/image-4.webp
oando-seating--myel,seating,5,oando-seating--myel/image-5.webp
oando-seating--myel,seating,6,oando-seating--myel/image-6.webp
oando-seating--myel,seating,7,oando-seating--myel/image-7.webp
oando-seating--nordic,seating,1,oando-seating--nordic/image-1.webp
oando-seating--nordic,seating,2,oando-seating--nordic/image-2.webp
oando-seating--nordic,seating,3,oando-seating--nordic/image-3.webp
oando-seating--nordic,seating,4,oando-seating--nordic/image-4.webp
oando-seating--nordic,seating,5,oando-seating--nordic/image-5.webp
oando-seating--nordic,seating,6,oando-seating--nordic/image-6.webp
oando-seating--nordic,seating,7,oando-seating--nordic/image-7.webp
oando-seating--nuvic,seating,1,oando-seating--nuvic/image-1.webp
oando-seating--nuvic,seating,2,oando-seating--nuvic/image-2.webp
oando-seating--nuvic,seating,3,oando-seating--nuvic/image-3.webp
oando-seating--nuvic,seating,4,oando-seating--nuvic/image-4.webp
oando-seating--nuvic,seating,5,oando-seating--nuvic/image-5.webp
oando-seating--nuvic,seating,6,oando-seating--nuvic/image-6.webp
oando-seating--nuvic,seating,7,oando-seating--nuvic/image-7.webp
oando-seating--orbit,seating,1,oando-seating--orbit/image-1.webp
oando-seating--orbit,seating,2,oando-seating--orbit/image-2.webp
oando-seating--orbit,seating,3,oando-seating--orbit/image-3.webp
oando-seating--orbit,seating,4,oando-seating--orbit/image-4.webp
oando-seating--orbit,seating,5,oando-seating--orbit/image-5.webp
oando-seating--orbit,seating,6,oando-seating--orbit/image-6.webp
oando-seating--orbit,seating,7,oando-seating--orbit/image-7.webp
oando-seating--phoenix,seating,1,oando-seating--phoenix/image-1.webp
oando-seating--phoenix,seating,2,oando-seating--phoenix/image-2.webp
oando-seating--phoenix,seating,3,oando-seating--phoenix/image-3.webp
oando-seating--phoenix,seating,4,oando-seating--phoenix/image-4.webp
oando-seating--phoenix,seating,5,oando-seating--phoenix/image-5.webp
oando-seating--phoenix,seating,6,oando-seating--phoenix/image-6.webp
oando-seating--phoenix,seating,7,oando-seating--phoenix/image-7.webp
oando-seating--pinnacle,seating,1,oando-seating--pinnacle/image-1.webp
oando-seating--pinnacle,seating,2,oando-seating--pinnacle/image-2.webp
oando-seating--pinnacle,seating,3,oando-seating--pinnacle/image-3.webp
oando-seating--pinnacle,seating,4,oando-seating--pinnacle/image-4.webp
oando-seating--pinnacle,seating,5,oando-seating--pinnacle/image-5.webp
oando-seating--pinnacle,seating,6,oando-seating--pinnacle/image-6.webp
oando-seating--pinnacle,seating,7,oando-seating--pinnacle/image-7.webp
oando-seating--revoq,seating,1,oando-seating--revoq/image-1.webp
oando-seating--revoq,seating,2,oando-seating--revoq/image-2.webp
oando-seating--revoq,seating,3,oando-seating--revoq/image-3.webp
oando-seating--revoq,seating,4,oando-seating--revoq/image-4.webp
oando-seating--revoq,seating,5,oando-seating--revoq/image-5.webp
oando-seating--revoq,seating,6,oando-seating--revoq/image-6.webp
oando-seating--revoq,seating,7,oando-seating--revoq/image-7.webp
oando-seating--rider,seating,1,oando-seating--rider/image-1.webp
oando-seating--rider,seating,2,oando-seating--rider/image-2.webp
oando-seating--rider,seating,3,oando-seating--rider/image-3.webp
oando-seating--rider,seating,4,oando-seating--rider/image-4.webp
oando-seating--rider,seating,5,oando-seating--rider/image-5.webp
oando-seating--rider,seating,6,oando-seating--rider/image-6.webp
oando-seating--rider,seating,7,oando-seating--rider/image-7.webp
oando-seating--rio,seating,1,oando-seating--rio/image-1.webp
oando-seating--rio,seating,2,oando-seating--rio/image-2.webp
oando-seating--rio,seating,3,oando-seating--rio/image-3.webp
oando-seating--rio,seating,4,oando-seating--rio/image-4.webp
oando-seating--rio,seating,5,oando-seating--rio/image-5.webp
oando-seating--rio,seating,6,oando-seating--rio/image-6.webp
oando-seating--rio,seating,7,oando-seating--rio/image-7.webp
oando-seating--rock,seating,1,oando-seating--rock/image-1.webp
oando-seating--rock,seating,2,oando-seating--rock/image-2.webp
oando-seating--rock,seating,3,oando-seating--rock/image-3.webp
oando-seating--rock,seating,4,oando-seating--rock/image-4.webp
oando-seating--rock,seating,5,oando-seating--rock/image-5.webp
oando-seating--rock,seating,6,oando-seating--rock/image-6.webp
oando-seating--rock,seating,7,oando-seating--rock/image-7.webp
oando-seating--smile,seating,1,oando-seating--smile/image-1.webp
oando-seating--smile,seating,2,oando-seating--smile/image-2.webp
oando-seating--smile,seating,3,oando-seating--smile/image-3.webp
oando-seating--smile,seating,4,oando-seating--smile/image-4.webp
oando-seating--smile,seating,5,oando-seating--smile/image-5.webp
oando-seating--smile,seating,6,oando-seating--smile/image-6.webp
oando-seating--smile,seating,7,oando-seating--smile/image-7.webp
oando-seating--solace,seating,1,oando-seating--solace/image-1.webp
oando-seating--solace,seating,2,oando-seating--solace/image-2.webp
oando-seating--solace,seating,3,oando-seating--solace/image-3.webp
oando-seating--solace,seating,4,oando-seating--solace/image-4.webp
oando-seating--solace,seating,5,oando-seating--solace/image-5.webp
oando-seating--solace,seating,6,oando-seating--solace/image-6.webp
oando-seating--solace,seating,7,oando-seating--solace/image-7.webp
oando-seating--spino,seating,1,oando-seating--spino/image-1.webp
oando-seating--spino,seating,2,oando-seating--spino/image-2.webp
oando-seating--spino,seating,3,oando-seating--spino/image-3.webp
oando-seating--spino,seating,4,oando-seating--spino/image-4.webp
oando-seating--spino,seating,5,oando-seating--spino/image-5.webp
oando-seating--spino,seating,6,oando-seating--spino/image-6.webp
oando-seating--spino,seating,7,oando-seating--spino/image-7.webp
oando-seating--sullion,seating,1,oando-seating--sullion/image-1.webp
oando-seating--sullion,seating,2,oando-seating--sullion/image-2.webp
oando-seating--sullion,seating,3,oando-seating--sullion/image-3.webp
oando-seating--sullion,seating,4,oando-seating--sullion/image-4.webp
oando-seating--sullion,seating,5,oando-seating--sullion/image-5.webp
oando-seating--sullion,seating,6,oando-seating--sullion/image-6.webp
oando-seating--sullion,seating,7,oando-seating--sullion/image-7.webp
oando-seating--sway,seating,1,oando-seating--sway/image-1.webp
oando-seating--sway,seating,2,oando-seating--sway/image-2.webp
oando-seating--sway,seating,3,oando-seating--sway/image-3.webp
oando-seating--sway,seating,4,oando-seating--sway/image-4.webp
oando-seating--sway,seating,5,oando-seating--sway/image-5.webp
oando-seating--sway,seating,6,oando-seating--sway/image-6.webp
oando-seating--sway,seating,7,oando-seating--sway/image-7.webp
oando-seating--toro,seating,1,oando-seating--toro/image-1.webp
oando-seating--toro,seating,2,oando-seating--toro/image-2.webp
oando-seating--toro,seating,3,oando-seating--toro/image-3.webp
oando-seating--toro,seating,4,oando-seating--toro/image-4.webp
oando-seating--toro,seating,5,oando-seating--toro/image-5.webp
oando-seating--toro,seating,6,oando-seating--toro/image-6.webp
oando-seating--toro,seating,7,oando-seating--toro/image-7.webp
oando-seating--wing,seating,1,oando-seating--wing/image-1.webp
oando-seating--wing,seating,2,oando-seating--wing/image-2.webp
oando-seating--wing,seating,3,oando-seating--wing/image-3.webp
oando-seating--wing,seating,4,oando-seating--wing/image-4.webp
oando-seating--wing,seating,5,oando-seating--wing/image-5.webp
oando-seating--wing,seating,6,oando-seating--wing/image-6.webp
oando-seating--wing,seating,7,oando-seating--wing/image-7.webp
oando-seating--x-mesh,seating,1,oando-seating--x-mesh/image-1.webp
oando-seating--x-mesh,seating,2,oando-seating--x-mesh/image-2.webp
oando-seating--x-mesh,seating,3,oando-seating--x-mesh/image-3.webp
oando-seating--x-mesh,seating,4,oando-seating--x-mesh/image-4.webp
oando-seating--x-mesh,seating,5,oando-seating--x-mesh/image-5.webp
oando-seating--x-mesh,seating,6,oando-seating--x-mesh/image-6.webp
oando-seating--x-mesh,seating,7,oando-seating--x-mesh/image-7.webp
oando-seating--zilo,seating,1,oando-seating--zilo/image-1.webp
oando-seating--zilo,seating,2,oando-seating--zilo/image-2.webp
oando-seating--zilo,seating,3,oando-seating--zilo/image-3.webp
oando-seating--zilo,seating,4,oando-seating--zilo/image-4.webp
oando-seating--zilo,seating,5,oando-seating--zilo/image-5.webp
oando-seating--zilo,seating,6,oando-seating--zilo/image-6.webp
oando-seating--zilo,seating,7,oando-seating--zilo/image-7.webp
oando-soft-seating--accent,soft-seating,1,oando-soft-seating--accent/image-1.webp
oando-soft-seating--accent,soft-seating,2,oando-soft-seating--accent/image-2.webp
oando-soft-seating--accent,soft-seating,3,oando-soft-seating--accent/image-3.webp
oando-soft-seating--accent,soft-seating,4,oando-soft-seating--accent/image-4.webp
oando-soft-seating--accent,soft-seating,5,oando-soft-seating--accent/image-5.webp
oando-soft-seating--accent,soft-seating,6,oando-soft-seating--accent/image-6.webp
oando-soft-seating--accent,soft-seating,7,oando-soft-seating--accent/image-7.webp
oando-soft-seating--adam,soft-seating,1,oando-soft-seating--adam/image-1.webp
oando-soft-seating--adam,soft-seating,2,oando-soft-seating--adam/image-2.webp
oando-soft-seating--adam,soft-seating,3,oando-soft-seating--adam/image-3.webp
oando-soft-seating--adam,soft-seating,4,oando-soft-seating--adam/image-4.webp
oando-soft-seating--adam,soft-seating,5,oando-soft-seating--adam/image-5.webp
oando-soft-seating--adam,soft-seating,6,oando-soft-seating--adam/image-6.webp
oando-soft-seating--adam,soft-seating,7,oando-soft-seating--adam/image-7.webp
oando-soft-seating--alonzo,soft-seating,1,oando-soft-seating--alonzo/image-1.webp
oando-soft-seating--alonzo,soft-seating,2,oando-soft-seating--alonzo/image-2.webp
oando-soft-seating--alonzo,soft-seating,3,oando-soft-seating--alonzo/image-3.webp
oando-soft-seating--alonzo,soft-seating,4,oando-soft-seating--alonzo/image-4.webp
oando-soft-seating--alonzo,soft-seating,5,oando-soft-seating--alonzo/image-5.webp
oando-soft-seating--alonzo,soft-seating,6,oando-soft-seating--alonzo/image-6.webp
oando-soft-seating--alonzo,soft-seating,7,oando-soft-seating--alonzo/image-7.webp
oando-soft-seating--arcana,soft-seating,1,oando-soft-seating--arcana/image-1.webp
oando-soft-seating--arcana,soft-seating,2,oando-soft-seating--arcana/image-2.webp
oando-soft-seating--arcana,soft-seating,3,oando-soft-seating--arcana/image-3.webp
oando-soft-seating--arcana,soft-seating,4,oando-soft-seating--arcana/image-4.webp
oando-soft-seating--arcana,soft-seating,5,oando-soft-seating--arcana/image-5.webp
oando-soft-seating--arcana,soft-seating,6,oando-soft-seating--arcana/image-6.webp
oando-soft-seating--arcana,soft-seating,7,oando-soft-seating--arcana/image-7.webp
oando-soft-seating--arco,soft-seating,1,oando-soft-seating--arco/image-1.webp
oando-soft-seating--arco,soft-seating,2,oando-soft-seating--arco/image-2.webp
oando-soft-seating--arco,soft-seating,3,oando-soft-seating--arco/image-3.webp
oando-soft-seating--arco,soft-seating,4,oando-soft-seating--arco/image-4.webp
oando-soft-seating--arco,soft-seating,5,oando-soft-seating--arco/image-5.webp
oando-soft-seating--arco,soft-seating,6,oando-soft-seating--arco/image-6.webp
oando-soft-seating--arco,soft-seating,7,oando-soft-seating--arco/image-7.webp
oando-soft-seating--armora,soft-seating,1,oando-soft-seating--armora/image-1.webp
oando-soft-seating--armora,soft-seating,2,oando-soft-seating--armora/image-2.webp
oando-soft-seating--armora,soft-seating,3,oando-soft-seating--armora/image-3.webp
oando-soft-seating--armora,soft-seating,4,oando-soft-seating--armora/image-4.webp
oando-soft-seating--armora,soft-seating,5,oando-soft-seating--armora/image-5.webp
oando-soft-seating--armora,soft-seating,6,oando-soft-seating--armora/image-6.webp
oando-soft-seating--armora,soft-seating,7,oando-soft-seating--armora/image-7.webp
oando-soft-seating--brim,soft-seating,1,oando-soft-seating--brim/image-1.webp
oando-soft-seating--brim,soft-seating,2,oando-soft-seating--brim/image-2.webp
oando-soft-seating--brim,soft-seating,3,oando-soft-seating--brim/image-3.webp
oando-soft-seating--brim,soft-seating,4,oando-soft-seating--brim/image-4.webp
oando-soft-seating--brim,soft-seating,5,oando-soft-seating--brim/image-5.webp
oando-soft-seating--brim,soft-seating,6,oando-soft-seating--brim/image-6.webp
oando-soft-seating--brim,soft-seating,7,oando-soft-seating--brim/image-7.webp
oando-soft-seating--casca,soft-seating,1,oando-soft-seating--casca/image-1.webp
oando-soft-seating--casca,soft-seating,2,oando-soft-seating--casca/image-2.webp
oando-soft-seating--casca,soft-seating,3,oando-soft-seating--casca/image-3.webp
oando-soft-seating--casca,soft-seating,4,oando-soft-seating--casca/image-4.webp
oando-soft-seating--casca,soft-seating,5,oando-soft-seating--casca/image-5.webp
oando-soft-seating--casca,soft-seating,6,oando-soft-seating--casca/image-6.webp
oando-soft-seating--casca,soft-seating,7,oando-soft-seating--casca/image-7.webp
oando-soft-seating--ceda,soft-seating,1,oando-soft-seating--ceda/image-1.webp
oando-soft-seating--ceda,soft-seating,2,oando-soft-seating--ceda/image-2.webp
oando-soft-seating--ceda,soft-seating,3,oando-soft-seating--ceda/image-3.webp
oando-soft-seating--ceda,soft-seating,4,oando-soft-seating--ceda/image-4.webp
oando-soft-seating--ceda,soft-seating,5,oando-soft-seating--ceda/image-5.webp
oando-soft-seating--ceda,soft-seating,6,oando-soft-seating--ceda/image-6.webp
oando-soft-seating--ceda,soft-seating,7,oando-soft-seating--ceda/image-7.webp
oando-soft-seating--cirq,soft-seating,1,oando-soft-seating--cirq/image-1.webp
oando-soft-seating--cirq,soft-seating,2,oando-soft-seating--cirq/image-2.webp
oando-soft-seating--cirq,soft-seating,3,oando-soft-seating--cirq/image-3.webp
oando-soft-seating--cirq,soft-seating,4,oando-soft-seating--cirq/image-4.webp
oando-soft-seating--cirq,soft-seating,5,oando-soft-seating--cirq/image-5.webp
oando-soft-seating--cirq,soft-seating,6,oando-soft-seating--cirq/image-6.webp
oando-soft-seating--cirq,soft-seating,7,oando-soft-seating--cirq/image-7.webp
oando-soft-seating--cocoon,soft-seating,1,oando-soft-seating--cocoon/image-1.webp
oando-soft-seating--cocoon,soft-seating,2,oando-soft-seating--cocoon/image-2.webp
oando-soft-seating--cocoon,soft-seating,3,oando-soft-seating--cocoon/image-3.webp
oando-soft-seating--cocoon,soft-seating,4,oando-soft-seating--cocoon/image-4.webp
oando-soft-seating--cocoon,soft-seating,5,oando-soft-seating--cocoon/image-5.webp
oando-soft-seating--cocoon,soft-seating,6,oando-soft-seating--cocoon/image-6.webp
oando-soft-seating--cocoon,soft-seating,7,oando-soft-seating--cocoon/image-7.webp
oando-soft-seating--como,soft-seating,1,oando-soft-seating--como/image-1.webp
oando-soft-seating--como,soft-seating,2,oando-soft-seating--como/image-2.webp
oando-soft-seating--como,soft-seating,3,oando-soft-seating--como/image-3.webp
oando-soft-seating--como,soft-seating,4,oando-soft-seating--como/image-4.webp
oando-soft-seating--como,soft-seating,5,oando-soft-seating--como/image-5.webp
oando-soft-seating--como,soft-seating,6,oando-soft-seating--como/image-6.webp
oando-soft-seating--como,soft-seating,7,oando-soft-seating--como/image-7.webp
oando-soft-seating--cone,soft-seating,1,oando-soft-seating--cone/image-1.webp
oando-soft-seating--cone,soft-seating,2,oando-soft-seating--cone/image-2.webp
oando-soft-seating--cone,soft-seating,3,oando-soft-seating--cone/image-3.webp
oando-soft-seating--cone,soft-seating,4,oando-soft-seating--cone/image-4.webp
oando-soft-seating--cone,soft-seating,5,oando-soft-seating--cone/image-5.webp
oando-soft-seating--cone,soft-seating,6,oando-soft-seating--cone/image-6.webp
oando-soft-seating--cone,soft-seating,7,oando-soft-seating--cone/image-7.webp
oando-soft-seating--cove,soft-seating,1,oando-soft-seating--cove/image-1.webp
oando-soft-seating--cove,soft-seating,2,oando-soft-seating--cove/image-2.webp
oando-soft-seating--cove,soft-seating,3,oando-soft-seating--cove/image-3.webp
oando-soft-seating--cove,soft-seating,4,oando-soft-seating--cove/image-4.webp
oando-soft-seating--cove,soft-seating,5,oando-soft-seating--cove/image-5.webp
oando-soft-seating--cove,soft-seating,6,oando-soft-seating--cove/image-6.webp
oando-soft-seating--cove,soft-seating,7,oando-soft-seating--cove/image-7.webp
oando-soft-seating--covea,soft-seating,1,oando-soft-seating--covea/image-1.webp
oando-soft-seating--covea,soft-seating,2,oando-soft-seating--covea/image-2.webp
oando-soft-seating--covea,soft-seating,3,oando-soft-seating--covea/image-3.webp
oando-soft-seating--covea,soft-seating,4,oando-soft-seating--covea/image-4.webp
oando-soft-seating--covea,soft-seating,5,oando-soft-seating--covea/image-5.webp
oando-soft-seating--covea,soft-seating,6,oando-soft-seating--covea/image-6.webp
oando-soft-seating--covea,soft-seating,7,oando-soft-seating--covea/image-7.webp
oando-soft-seating--cozy,soft-seating,1,oando-soft-seating--cozy/image-1.webp
oando-soft-seating--cozy,soft-seating,2,oando-soft-seating--cozy/image-2.webp
oando-soft-seating--cozy,soft-seating,3,oando-soft-seating--cozy/image-3.webp
oando-soft-seating--cozy,soft-seating,4,oando-soft-seating--cozy/image-4.webp
oando-soft-seating--cozy,soft-seating,5,oando-soft-seating--cozy/image-5.webp
oando-soft-seating--cozy,soft-seating,6,oando-soft-seating--cozy/image-6.webp
oando-soft-seating--cozy,soft-seating,7,oando-soft-seating--cozy/image-7.webp
oando-soft-seating--crossa,soft-seating,1,oando-soft-seating--crossa/image-1.webp
oando-soft-seating--crossa,soft-seating,2,oando-soft-seating--crossa/image-2.webp
oando-soft-seating--crossa,soft-seating,3,oando-soft-seating--crossa/image-3.webp
oando-soft-seating--crossa,soft-seating,4,oando-soft-seating--crossa/image-4.webp
oando-soft-seating--crossa,soft-seating,5,oando-soft-seating--crossa/image-5.webp
oando-soft-seating--crossa,soft-seating,6,oando-soft-seating--crossa/image-6.webp
oando-soft-seating--crossa,soft-seating,7,oando-soft-seating--crossa/image-7.webp
oando-soft-seating--eclips,soft-seating,1,oando-soft-seating--eclips/image-1.webp
oando-soft-seating--eclips,soft-seating,2,oando-soft-seating--eclips/image-2.webp
oando-soft-seating--eclips,soft-seating,3,oando-soft-seating--eclips/image-3.webp
oando-soft-seating--eclips,soft-seating,4,oando-soft-seating--eclips/image-4.webp
oando-soft-seating--eclips,soft-seating,5,oando-soft-seating--eclips/image-5.webp
oando-soft-seating--eclips,soft-seating,6,oando-soft-seating--eclips/image-6.webp
oando-soft-seating--eclips,soft-seating,7,oando-soft-seating--eclips/image-7.webp
oando-soft-seating--embrace,soft-seating,1,oando-soft-seating--embrace/image-1.webp
oando-soft-seating--embrace,soft-seating,2,oando-soft-seating--embrace/image-2.webp
oando-soft-seating--embrace,soft-seating,3,oando-soft-seating--embrace/image-3.webp
oando-soft-seating--embrace,soft-seating,4,oando-soft-seating--embrace/image-4.webp
oando-soft-seating--embrace,soft-seating,5,oando-soft-seating--embrace/image-5.webp
oando-soft-seating--embrace,soft-seating,6,oando-soft-seating--embrace/image-6.webp
oando-soft-seating--embrace,soft-seating,7,oando-soft-seating--embrace/image-7.webp
oando-soft-seating--esmor,soft-seating,1,oando-soft-seating--esmor/image-1.webp
oando-soft-seating--esmor,soft-seating,2,oando-soft-seating--esmor/image-2.webp
oando-soft-seating--esmor,soft-seating,3,oando-soft-seating--esmor/image-3.webp
oando-soft-seating--esmor,soft-seating,4,oando-soft-seating--esmor/image-4.webp
oando-soft-seating--esmor,soft-seating,5,oando-soft-seating--esmor/image-5.webp
oando-soft-seating--esmor,soft-seating,6,oando-soft-seating--esmor/image-6.webp
oando-soft-seating--esmor,soft-seating,7,oando-soft-seating--esmor/image-7.webp
oando-soft-seating--fynn,soft-seating,1,oando-soft-seating--fynn/image-1.webp
oando-soft-seating--fynn,soft-seating,2,oando-soft-seating--fynn/image-2.webp
oando-soft-seating--fynn,soft-seating,3,oando-soft-seating--fynn/image-3.webp
oando-soft-seating--fynn,soft-seating,4,oando-soft-seating--fynn/image-4.webp
oando-soft-seating--fynn,soft-seating,5,oando-soft-seating--fynn/image-5.webp
oando-soft-seating--fynn,soft-seating,6,oando-soft-seating--fynn/image-6.webp
oando-soft-seating--fynn,soft-seating,7,oando-soft-seating--fynn/image-7.webp
oando-soft-seating--grace,soft-seating,1,oando-soft-seating--grace/image-1.webp
oando-soft-seating--grace,soft-seating,2,oando-soft-seating--grace/image-2.webp
oando-soft-seating--grace,soft-seating,3,oando-soft-seating--grace/image-3.webp
oando-soft-seating--grace,soft-seating,4,oando-soft-seating--grace/image-4.webp
oando-soft-seating--grace,soft-seating,5,oando-soft-seating--grace/image-5.webp
oando-soft-seating--grace,soft-seating,6,oando-soft-seating--grace/image-6.webp
oando-soft-seating--grace,soft-seating,7,oando-soft-seating--grace/image-7.webp
oando-soft-seating--halo,soft-seating,1,oando-soft-seating--halo/image-1.webp
oando-soft-seating--halo,soft-seating,2,oando-soft-seating--halo/image-2.webp
oando-soft-seating--halo,soft-seating,3,oando-soft-seating--halo/image-3.webp
oando-soft-seating--halo,soft-seating,4,oando-soft-seating--halo/image-4.webp
oando-soft-seating--halo,soft-seating,5,oando-soft-seating--halo/image-5.webp
oando-soft-seating--halo,soft-seating,6,oando-soft-seating--halo/image-6.webp
oando-soft-seating--halo,soft-seating,7,oando-soft-seating--halo/image-7.webp
oando-soft-seating--high-cafe,soft-seating,1,oando-soft-seating--high-cafe/image-1.webp
oando-soft-seating--high-cafe,soft-seating,2,oando-soft-seating--high-cafe/image-2.webp
oando-soft-seating--high-cafe,soft-seating,3,oando-soft-seating--high-cafe/image-3.webp
oando-soft-seating--high-cafe,soft-seating,4,oando-soft-seating--high-cafe/image-4.webp
oando-soft-seating--high-cafe,soft-seating,5,oando-soft-seating--high-cafe/image-5.webp
oando-soft-seating--high-cafe,soft-seating,6,oando-soft-seating--high-cafe/image-6.webp
oando-soft-seating--high-cafe,soft-seating,7,oando-soft-seating--high-cafe/image-7.webp
oando-soft-seating--hush,soft-seating,1,oando-soft-seating--hush/image-1.webp
oando-soft-seating--hush,soft-seating,2,oando-soft-seating--hush/image-2.webp
oando-soft-seating--hush,soft-seating,3,oando-soft-seating--hush/image-3.webp
oando-soft-seating--hush,soft-seating,4,oando-soft-seating--hush/image-4.webp
oando-soft-seating--hush,soft-seating,5,oando-soft-seating--hush/image-5.webp
oando-soft-seating--hush,soft-seating,6,oando-soft-seating--hush/image-6.webp
oando-soft-seating--hush,soft-seating,7,oando-soft-seating--hush/image-7.webp
oando-soft-seating--lura,soft-seating,1,oando-soft-seating--lura/image-1.webp
oando-soft-seating--lura,soft-seating,2,oando-soft-seating--lura/image-2.webp
oando-soft-seating--lura,soft-seating,3,oando-soft-seating--lura/image-3.webp
oando-soft-seating--lura,soft-seating,4,oando-soft-seating--lura/image-4.webp
oando-soft-seating--lura,soft-seating,5,oando-soft-seating--lura/image-5.webp
oando-soft-seating--lura,soft-seating,6,oando-soft-seating--lura/image-6.webp
oando-soft-seating--lura,soft-seating,7,oando-soft-seating--lura/image-7.webp
oando-soft-seating--luxar,soft-seating,1,oando-soft-seating--luxar/image-1.webp
oando-soft-seating--luxar,soft-seating,2,oando-soft-seating--luxar/image-2.webp
oando-soft-seating--luxar,soft-seating,3,oando-soft-seating--luxar/image-3.webp
oando-soft-seating--luxar,soft-seating,4,oando-soft-seating--luxar/image-4.webp
oando-soft-seating--luxar,soft-seating,5,oando-soft-seating--luxar/image-5.webp
oando-soft-seating--luxar,soft-seating,6,oando-soft-seating--luxar/image-6.webp
oando-soft-seating--luxar,soft-seating,7,oando-soft-seating--luxar/image-7.webp
oando-soft-seating--margas,soft-seating,1,oando-soft-seating--margas/image-1.webp
oando-soft-seating--margas,soft-seating,2,oando-soft-seating--margas/image-2.webp
oando-soft-seating--margas,soft-seating,3,oando-soft-seating--margas/image-3.webp
oando-soft-seating--margas,soft-seating,4,oando-soft-seating--margas/image-4.webp
oando-soft-seating--margas,soft-seating,5,oando-soft-seating--margas/image-5.webp
oando-soft-seating--margas,soft-seating,6,oando-soft-seating--margas/image-6.webp
oando-soft-seating--margas,soft-seating,7,oando-soft-seating--margas/image-7.webp
oando-soft-seating--moon,soft-seating,1,oando-soft-seating--moon/image-1.webp
oando-soft-seating--moon,soft-seating,2,oando-soft-seating--moon/image-2.webp
oando-soft-seating--moon,soft-seating,3,oando-soft-seating--moon/image-3.webp
oando-soft-seating--moon,soft-seating,4,oando-soft-seating--moon/image-4.webp
oando-soft-seating--moon,soft-seating,5,oando-soft-seating--moon/image-5.webp
oando-soft-seating--moon,soft-seating,6,oando-soft-seating--moon/image-6.webp
oando-soft-seating--moon,soft-seating,7,oando-soft-seating--moon/image-7.webp
oando-soft-seating--nook,soft-seating,1,oando-soft-seating--nook/image-1.webp
oando-soft-seating--nook,soft-seating,2,oando-soft-seating--nook/image-2.webp
oando-soft-seating--nook,soft-seating,3,oando-soft-seating--nook/image-3.webp
oando-soft-seating--nook,soft-seating,4,oando-soft-seating--nook/image-4.webp
oando-soft-seating--nook,soft-seating,5,oando-soft-seating--nook/image-5.webp
oando-soft-seating--nook,soft-seating,6,oando-soft-seating--nook/image-6.webp
oando-soft-seating--nook,soft-seating,7,oando-soft-seating--nook/image-7.webp
oando-soft-seating--nuvora,soft-seating,1,oando-soft-seating--nuvora/image-1.webp
oando-soft-seating--nuvora,soft-seating,2,oando-soft-seating--nuvora/image-2.webp
oando-soft-seating--nuvora,soft-seating,3,oando-soft-seating--nuvora/image-3.webp
oando-soft-seating--nuvora,soft-seating,4,oando-soft-seating--nuvora/image-4.webp
oando-soft-seating--nuvora,soft-seating,5,oando-soft-seating--nuvora/image-5.webp
oando-soft-seating--nuvora,soft-seating,6,oando-soft-seating--nuvora/image-6.webp
oando-soft-seating--nuvora,soft-seating,7,oando-soft-seating--nuvora/image-7.webp
oando-soft-seating--opera,soft-seating,1,oando-soft-seating--opera/image-1.webp
oando-soft-seating--opera,soft-seating,2,oando-soft-seating--opera/image-2.webp
oando-soft-seating--opera,soft-seating,3,oando-soft-seating--opera/image-3.webp
oando-soft-seating--opera,soft-seating,4,oando-soft-seating--opera/image-4.webp
oando-soft-seating--opera,soft-seating,5,oando-soft-seating--opera/image-5.webp
oando-soft-seating--opera,soft-seating,6,oando-soft-seating--opera/image-6.webp
oando-soft-seating--opera,soft-seating,7,oando-soft-seating--opera/image-7.webp
oando-soft-seating--orb,soft-seating,1,oando-soft-seating--orb/image-1.webp
oando-soft-seating--orb,soft-seating,2,oando-soft-seating--orb/image-2.webp
oando-soft-seating--orb,soft-seating,3,oando-soft-seating--orb/image-3.webp
oando-soft-seating--orb,soft-seating,4,oando-soft-seating--orb/image-4.webp
oando-soft-seating--orb,soft-seating,5,oando-soft-seating--orb/image-5.webp
oando-soft-seating--orb,soft-seating,6,oando-soft-seating--orb/image-6.webp
oando-soft-seating--orb,soft-seating,7,oando-soft-seating--orb/image-7.webp
oando-soft-seating--padora,soft-seating,1,oando-soft-seating--padora/image-1.webp
oando-soft-seating--padora,soft-seating,2,oando-soft-seating--padora/image-2.webp
oando-soft-seating--padora,soft-seating,3,oando-soft-seating--padora/image-3.webp
oando-soft-seating--padora,soft-seating,4,oando-soft-seating--padora/image-4.webp
oando-soft-seating--padora,soft-seating,5,oando-soft-seating--padora/image-5.webp
oando-soft-seating--padora,soft-seating,6,oando-soft-seating--padora/image-6.webp
oando-soft-seating--padora,soft-seating,7,oando-soft-seating--padora/image-7.webp
oando-soft-seating--plumb,soft-seating,1,oando-soft-seating--plumb/image-1.webp
oando-soft-seating--plumb,soft-seating,2,oando-soft-seating--plumb/image-2.webp
oando-soft-seating--plumb,soft-seating,3,oando-soft-seating--plumb/image-3.webp
oando-soft-seating--plumb,soft-seating,4,oando-soft-seating--plumb/image-4.webp
oando-soft-seating--plumb,soft-seating,5,oando-soft-seating--plumb/image-5.webp
oando-soft-seating--plumb,soft-seating,6,oando-soft-seating--plumb/image-6.webp
oando-soft-seating--plumb,soft-seating,7,oando-soft-seating--plumb/image-7.webp
oando-soft-seating--rattique,soft-seating,1,oando-soft-seating--rattique/image-1.webp
oando-soft-seating--rattique,soft-seating,2,oando-soft-seating--rattique/image-2.webp
oando-soft-seating--rattique,soft-seating,3,oando-soft-seating--rattique/image-3.webp
oando-soft-seating--rattique,soft-seating,4,oando-soft-seating--rattique/image-4.webp
oando-soft-seating--rattique,soft-seating,5,oando-soft-seating--rattique/image-5.webp
oando-soft-seating--rattique,soft-seating,6,oando-soft-seating--rattique/image-6.webp
oando-soft-seating--rattique,soft-seating,7,oando-soft-seating--rattique/image-7.webp
oando-soft-seating--relax,soft-seating,1,oando-soft-seating--relax/image-1.webp
oando-soft-seating--relax,soft-seating,2,oando-soft-seating--relax/image-2.webp
oando-soft-seating--relax,soft-seating,3,oando-soft-seating--relax/image-3.webp
oando-soft-seating--relax,soft-seating,4,oando-soft-seating--relax/image-4.webp
oando-soft-seating--relax,soft-seating,5,oando-soft-seating--relax/image-5.webp
oando-soft-seating--relax,soft-seating,6,oando-soft-seating--relax/image-6.webp
oando-soft-seating--relax,soft-seating,7,oando-soft-seating--relax/image-7.webp
oando-soft-seating--spectrum,soft-seating,1,oando-soft-seating--spectrum/image-1.webp
oando-soft-seating--spectrum,soft-seating,2,oando-soft-seating--spectrum/image-2.webp
oando-soft-seating--spectrum,soft-seating,3,oando-soft-seating--spectrum/image-3.webp
oando-soft-seating--spectrum,soft-seating,4,oando-soft-seating--spectrum/image-4.webp
oando-soft-seating--spectrum,soft-seating,5,oando-soft-seating--spectrum/image-5.webp
oando-soft-seating--spectrum,soft-seating,6,oando-soft-seating--spectrum/image-6.webp
oando-soft-seating--spectrum,soft-seating,7,oando-soft-seating--spectrum/image-7.webp
oando-soft-seating--tectara,soft-seating,1,oando-soft-seating--tectara/image-1.webp
oando-soft-seating--tectara,soft-seating,2,oando-soft-seating--tectara/image-2.webp
oando-soft-seating--tectara,soft-seating,3,oando-soft-seating--tectara/image-3.webp
oando-soft-seating--tectara,soft-seating,4,oando-soft-seating--tectara/image-4.webp
oando-soft-seating--tectara,soft-seating,5,oando-soft-seating--tectara/image-5.webp
oando-soft-seating--tectara,soft-seating,6,oando-soft-seating--tectara/image-6.webp
oando-soft-seating--tectara,soft-seating,7,oando-soft-seating--tectara/image-7.webp
oando-soft-seating--trion,soft-seating,1,oando-soft-seating--trion/image-1.webp
oando-soft-seating--trion,soft-seating,2,oando-soft-seating--trion/image-2.webp
oando-soft-seating--trion,soft-seating,3,oando-soft-seating--trion/image-3.webp
oando-soft-seating--trion,soft-seating,4,oando-soft-seating--trion/image-4.webp
oando-soft-seating--trion,soft-seating,5,oando-soft-seating--trion/image-5.webp
oando-soft-seating--trion,soft-seating,6,oando-soft-seating--trion/image-6.webp
oando-soft-seating--trion,soft-seating,7,oando-soft-seating--trion/image-7.webp
oando-soft-seating--twig,soft-seating,1,oando-soft-seating--twig/image-1.webp
oando-soft-seating--twig,soft-seating,2,oando-soft-seating--twig/image-2.webp
oando-soft-seating--twig,soft-seating,3,oando-soft-seating--twig/image-3.webp
oando-soft-seating--twig,soft-seating,4,oando-soft-seating--twig/image-4.webp
oando-soft-seating--twig,soft-seating,5,oando-soft-seating--twig/image-5.webp
oando-soft-seating--twig,soft-seating,6,oando-soft-seating--twig/image-6.webp
oando-soft-seating--twig,soft-seating,7,oando-soft-seating--twig/image-7.webp
oando-soft-seating--velto,soft-seating,1,oando-soft-seating--velto/image-1.webp
oando-soft-seating--velto,soft-seating,2,oando-soft-seating--velto/image-2.webp
oando-soft-seating--velto,soft-seating,3,oando-soft-seating--velto/image-3.webp
oando-soft-seating--velto,soft-seating,4,oando-soft-seating--velto/image-4.webp
oando-soft-seating--velto,soft-seating,5,oando-soft-seating--velto/image-5.webp
oando-soft-seating--velto,soft-seating,6,oando-soft-seating--velto/image-6.webp
oando-soft-seating--velto,soft-seating,7,oando-soft-seating--velto/image-7.webp
oando-soft-seating--verka,soft-seating,1,oando-soft-seating--verka/image-1.webp
oando-soft-seating--verka,soft-seating,2,oando-soft-seating--verka/image-2.webp
oando-soft-seating--verka,soft-seating,3,oando-soft-seating--verka/image-3.webp
oando-soft-seating--verka,soft-seating,4,oando-soft-seating--verka/image-4.webp
oando-soft-seating--verka,soft-seating,5,oando-soft-seating--verka/image-5.webp
oando-soft-seating--verka,soft-seating,6,oando-soft-seating--verka/image-6.webp
oando-soft-seating--verka,soft-seating,7,oando-soft-seating--verka/image-7.webp
oando-soft-seating--virello,soft-seating,1,oando-soft-seating--virello/image-1.webp
oando-soft-seating--virello,soft-seating,2,oando-soft-seating--virello/image-2.webp
oando-soft-seating--virello,soft-seating,3,oando-soft-seating--virello/image-3.webp
oando-soft-seating--virello,soft-seating,4,oando-soft-seating--virello/image-4.webp
oando-soft-seating--virello,soft-seating,5,oando-soft-seating--virello/image-5.webp
oando-soft-seating--virello,soft-seating,6,oando-soft-seating--virello/image-6.webp
oando-soft-seating--virello,soft-seating,7,oando-soft-seating--virello/image-7.webp
oando-storage--compactor,storage,1,oando-storage--compactor/image-1.webp
oando-storage--compactor,storage,2,oando-storage--compactor/image-2.webp
oando-storage--compactor,storage,3,oando-storage--compactor/image-3.webp
oando-storage--compactor,storage,4,oando-storage--compactor/image-4.webp
oando-storage--compactor,storage,5,oando-storage--compactor/image-5.webp
oando-storage--compactor,storage,6,oando-storage--compactor/image-6.webp
oando-storage--compactor,storage,7,oando-storage--compactor/image-7.webp
oando-storage--heavy-duty-racks,storage,1,oando-storage--heavy-duty-racks/image-1.webp
oando-storage--heavy-duty-racks,storage,2,oando-storage--heavy-duty-racks/image-2.webp
oando-storage--heavy-duty-racks,storage,3,oando-storage--heavy-duty-racks/image-3.webp
oando-storage--heavy-duty-racks,storage,4,oando-storage--heavy-duty-racks/image-4.webp
oando-storage--heavy-duty-racks,storage,5,oando-storage--heavy-duty-racks/image-5.webp
oando-storage--heavy-duty-racks,storage,6,oando-storage--heavy-duty-racks/image-6.webp
oando-storage--heavy-duty-racks,storage,7,oando-storage--heavy-duty-racks/image-7.webp
oando-storage--metal-locker,storage,1,oando-storage--metal-locker/image-1.webp
oando-storage--metal-locker,storage,2,oando-storage--metal-locker/image-2.webp
oando-storage--metal-locker,storage,3,oando-storage--metal-locker/image-3.webp
oando-storage--metal-locker,storage,4,oando-storage--metal-locker/image-4.webp
oando-storage--metal-locker,storage,5,oando-storage--metal-locker/image-5.webp
oando-storage--metal-locker,storage,6,oando-storage--metal-locker/image-6.webp
oando-storage--metal-locker,storage,7,oando-storage--metal-locker/image-7.webp
oando-storage--metal-pedestal,storage,1,oando-storage--metal-pedestal/image-1.webp
oando-storage--metal-pedestal,storage,2,oando-storage--metal-pedestal/image-2.webp
oando-storage--metal-pedestal,storage,3,oando-storage--metal-pedestal/image-3.webp
oando-storage--metal-pedestal,storage,4,oando-storage--metal-pedestal/image-4.webp
oando-storage--metal-pedestal,storage,5,oando-storage--metal-pedestal/image-5.webp
oando-storage--metal-pedestal,storage,6,oando-storage--metal-pedestal/image-6.webp
oando-storage--metal-pedestal,storage,7,oando-storage--metal-pedestal/image-7.webp
oando-storage--metal-storages,storage,1,oando-storage--metal-storages/image-1.webp
oando-storage--metal-storages,storage,2,oando-storage--metal-storages/image-2.webp
oando-storage--metal-storages,storage,3,oando-storage--metal-storages/image-3.webp
oando-storage--metal-storages,storage,4,oando-storage--metal-storages/image-4.webp
oando-storage--metal-storages,storage,5,oando-storage--metal-storages/image-5.webp
oando-storage--metal-storages,storage,6,oando-storage--metal-storages/image-6.webp
oando-storage--metal-storages,storage,7,oando-storage--metal-storages/image-7.webp
oando-storage--pedestal,storage,1,oando-storage--pedestal/image-1.webp
oando-storage--pedestal,storage,2,oando-storage--pedestal/image-2.webp
oando-storage--pedestal,storage,3,oando-storage--pedestal/image-3.webp
oando-storage--pedestal,storage,4,oando-storage--pedestal/image-4.webp
oando-storage--pedestal,storage,5,oando-storage--pedestal/image-5.webp
oando-storage--pedestal,storage,6,oando-storage--pedestal/image-6.webp
oando-storage--pedestal,storage,7,oando-storage--pedestal/image-7.webp
oando-storage--prelam-locker,storage,1,oando-storage--prelam-locker/image-1.webp
oando-storage--prelam-locker,storage,2,oando-storage--prelam-locker/image-2.webp
oando-storage--prelam-locker,storage,3,oando-storage--prelam-locker/image-3.webp
oando-storage--prelam-locker,storage,4,oando-storage--prelam-locker/image-4.webp
oando-storage--prelam-locker,storage,5,oando-storage--prelam-locker/image-5.webp
oando-storage--prelam-locker,storage,6,oando-storage--prelam-locker/image-6.webp
oando-storage--prelam-locker,storage,7,oando-storage--prelam-locker/image-7.webp
oando-storage--prelam-storage,storage,1,oando-storage--prelam-storage/image-1.webp
oando-storage--prelam-storage,storage,2,oando-storage--prelam-storage/image-2.webp
oando-storage--prelam-storage,storage,3,oando-storage--prelam-storage/image-3.webp
oando-storage--prelam-storage,storage,4,oando-storage--prelam-storage/image-4.webp
oando-storage--prelam-storage,storage,5,oando-storage--prelam-storage/image-5.webp
oando-storage--prelam-storage,storage,6,oando-storage--prelam-storage/image-6.webp
oando-storage--prelam-storage,storage,7,oando-storage--prelam-storage/image-7.webp
oando-tables--apex,tables,1,oando-tables--apex/image-1.webp
oando-tables--apex,tables,2,oando-tables--apex/image-2.webp
oando-tables--apex,tables,3,oando-tables--apex/image-3.webp
oando-tables--apex,tables,4,oando-tables--apex/image-4.webp
oando-tables--apex,tables,5,oando-tables--apex/image-5.webp
oando-tables--apex,tables,6,oando-tables--apex/image-6.webp
oando-tables--apex,tables,7,oando-tables--apex/image-7.webp
oando-tables--consulate,tables,1,oando-tables--consulate/image-1.webp
oando-tables--consulate,tables,2,oando-tables--consulate/image-2.webp
oando-tables--consulate,tables,3,oando-tables--consulate/image-3.webp
oando-tables--consulate,tables,4,oando-tables--consulate/image-4.webp
oando-tables--consulate,tables,5,oando-tables--consulate/image-5.webp
oando-tables--consulate,tables,6,oando-tables--consulate/image-6.webp
oando-tables--consulate,tables,7,oando-tables--consulate/image-7.webp
oando-tables--convene,tables,1,oando-tables--convene/image-1.webp
oando-tables--convene,tables,2,oando-tables--convene/image-2.webp
oando-tables--convene,tables,3,oando-tables--convene/image-3.webp
oando-tables--convene,tables,4,oando-tables--convene/image-4.webp
oando-tables--convene,tables,5,oando-tables--convene/image-5.webp
oando-tables--convene,tables,6,oando-tables--convene/image-6.webp
oando-tables--convene,tables,7,oando-tables--convene/image-7.webp
oando-tables--convesso,tables,1,oando-tables--convesso/image-1.webp
oando-tables--convesso,tables,2,oando-tables--convesso/image-2.webp
oando-tables--convesso,tables,3,oando-tables--convesso/image-3.webp
oando-tables--convesso,tables,4,oando-tables--convesso/image-4.webp
oando-tables--convesso,tables,5,oando-tables--convesso/image-5.webp
oando-tables--convesso,tables,6,oando-tables--convesso/image-6.webp
oando-tables--convesso,tables,7,oando-tables--convesso/image-7.webp
oando-tables--crest,tables,1,oando-tables--crest/image-1.webp
oando-tables--crest,tables,2,oando-tables--crest/image-2.webp
oando-tables--crest,tables,3,oando-tables--crest/image-3.webp
oando-tables--crest,tables,4,oando-tables--crest/image-4.webp
oando-tables--crest,tables,5,oando-tables--crest/image-5.webp
oando-tables--crest,tables,6,oando-tables--crest/image-6.webp
oando-tables--crest,tables,7,oando-tables--crest/image-7.webp
oando-tables--curvivo-meet,tables,1,oando-tables--curvivo-meet/image-1.webp
oando-tables--curvivo-meet,tables,2,oando-tables--curvivo-meet/image-2.webp
oando-tables--curvivo-meet,tables,3,oando-tables--curvivo-meet/image-3.webp
oando-tables--curvivo-meet,tables,4,oando-tables--curvivo-meet/image-4.webp
oando-tables--curvivo-meet,tables,5,oando-tables--curvivo-meet/image-5.webp
oando-tables--curvivo-meet,tables,6,oando-tables--curvivo-meet/image-6.webp
oando-tables--curvivo-meet,tables,7,oando-tables--curvivo-meet/image-7.webp
oando-tables--desk-meet,tables,1,oando-tables--desk-meet/image-1.webp
oando-tables--desk-meet,tables,2,oando-tables--desk-meet/image-2.webp
oando-tables--desk-meet,tables,3,oando-tables--desk-meet/image-3.webp
oando-tables--desk-meet,tables,4,oando-tables--desk-meet/image-4.webp
oando-tables--desk-meet,tables,5,oando-tables--desk-meet/image-5.webp
oando-tables--desk-meet,tables,6,oando-tables--desk-meet/image-6.webp
oando-tables--desk-meet,tables,7,oando-tables--desk-meet/image-7.webp
oando-tables--exquisite,tables,1,oando-tables--exquisite/image-1.webp
oando-tables--exquisite,tables,2,oando-tables--exquisite/image-2.webp
oando-tables--exquisite,tables,3,oando-tables--exquisite/image-3.webp
oando-tables--exquisite,tables,4,oando-tables--exquisite/image-4.webp
oando-tables--exquisite,tables,5,oando-tables--exquisite/image-5.webp
oando-tables--exquisite,tables,6,oando-tables--exquisite/image-6.webp
oando-tables--exquisite,tables,7,oando-tables--exquisite/image-7.webp
oando-tables--impulse,tables,1,oando-tables--impulse/image-1.webp
oando-tables--impulse,tables,2,oando-tables--impulse/image-2.webp
oando-tables--impulse,tables,3,oando-tables--impulse/image-3.webp
oando-tables--impulse,tables,4,oando-tables--impulse/image-4.webp
oando-tables--impulse,tables,5,oando-tables--impulse/image-5.webp
oando-tables--impulse,tables,6,oando-tables--impulse/image-6.webp
oando-tables--impulse,tables,7,oando-tables--impulse/image-7.webp
oando-tables--inox,tables,1,oando-tables--inox/image-1.webp
oando-tables--inox,tables,2,oando-tables--inox/image-2.webp
oando-tables--inox,tables,3,oando-tables--inox/image-3.webp
oando-tables--inox,tables,4,oando-tables--inox/image-4.webp
oando-tables--inox,tables,5,oando-tables--inox/image-5.webp
oando-tables--inox,tables,6,oando-tables--inox/image-6.webp
oando-tables--inox,tables,7,oando-tables--inox/image-7.webp
oando-tables--letz-think,tables,1,oando-tables--letz-think/image-1.webp
oando-tables--letz-think,tables,2,oando-tables--letz-think/image-2.webp
oando-tables--letz-think,tables,3,oando-tables--letz-think/image-3.webp
oando-tables--letz-think,tables,4,oando-tables--letz-think/image-4.webp
oando-tables--letz-think,tables,5,oando-tables--letz-think/image-5.webp
oando-tables--letz-think,tables,6,oando-tables--letz-think/image-6.webp
oando-tables--letz-think,tables,7,oando-tables--letz-think/image-7.webp
oando-tables--modulus,tables,1,oando-tables--modulus/image-1.webp
oando-tables--modulus,tables,2,oando-tables--modulus/image-2.webp
oando-tables--modulus,tables,3,oando-tables--modulus/image-3.webp
oando-tables--modulus,tables,4,oando-tables--modulus/image-4.webp
oando-tables--modulus,tables,5,oando-tables--modulus/image-5.webp
oando-tables--modulus,tables,6,oando-tables--modulus/image-6.webp
oando-tables--modulus,tables,7,oando-tables--modulus/image-7.webp
oando-tables--nextable,tables,1,oando-tables--nextable/image-1.webp
oando-tables--nextable,tables,2,oando-tables--nextable/image-2.webp
oando-tables--nextable,tables,3,oando-tables--nextable/image-3.webp
oando-tables--nextable,tables,4,oando-tables--nextable/image-4.webp
oando-tables--nextable,tables,5,oando-tables--nextable/image-5.webp
oando-tables--nextable,tables,6,oando-tables--nextable/image-6.webp
oando-tables--nextable,tables,7,oando-tables--nextable/image-7.webp
oando-tables--opus-2,tables,1,oando-tables--opus-2/image-1.webp
oando-tables--opus-2,tables,2,oando-tables--opus-2/image-2.webp
oando-tables--opus-2,tables,3,oando-tables--opus-2/image-3.webp
oando-tables--opus-2,tables,4,oando-tables--opus-2/image-4.webp
oando-tables--opus-2,tables,5,oando-tables--opus-2/image-5.webp
oando-tables--opus-2,tables,6,oando-tables--opus-2/image-6.webp
oando-tables--opus-2,tables,7,oando-tables--opus-2/image-7.webp
oando-tables--presidency,tables,1,oando-tables--presidency/image-1.webp
oando-tables--presidency,tables,2,oando-tables--presidency/image-2.webp
oando-tables--presidency,tables,3,oando-tables--presidency/image-3.webp
oando-tables--presidency,tables,4,oando-tables--presidency/image-4.webp
oando-tables--presidency,tables,5,oando-tables--presidency/image-5.webp
oando-tables--presidency,tables,6,oando-tables--presidency/image-6.webp
oando-tables--presidency,tables,7,oando-tables--presidency/image-7.webp
oando-tables--sleek-meet,tables,1,oando-tables--sleek-meet/image-1.webp
oando-tables--sleek-meet,tables,2,oando-tables--sleek-meet/image-2.webp
oando-tables--sleek-meet,tables,3,oando-tables--sleek-meet/image-3.webp
oando-tables--sleek-meet,tables,4,oando-tables--sleek-meet/image-4.webp
oando-tables--sleek-meet,tables,5,oando-tables--sleek-meet/image-5.webp
oando-tables--sleek-meet,tables,6,oando-tables--sleek-meet/image-6.webp
oando-tables--sleek-meet,tables,7,oando-tables--sleek-meet/image-7.webp
oando-tables--sleek-tab,tables,1,oando-tables--sleek-tab/image-1.webp
oando-tables--sleek-tab,tables,2,oando-tables--sleek-tab/image-2.webp
oando-tables--sleek-tab,tables,3,oando-tables--sleek-tab/image-3.webp
oando-tables--sleek-tab,tables,4,oando-tables--sleek-tab/image-4.webp
oando-tables--sleek-tab,tables,5,oando-tables--sleek-tab/image-5.webp
oando-tables--sleek-tab,tables,6,oando-tables--sleek-tab/image-6.webp
oando-tables--sleek-tab,tables,7,oando-tables--sleek-tab/image-7.webp
oando-tables--stake,tables,1,oando-tables--stake/image-1.webp
oando-tables--stake,tables,2,oando-tables--stake/image-2.webp
oando-tables--stake,tables,3,oando-tables--stake/image-3.webp
oando-tables--stake,tables,4,oando-tables--stake/image-4.webp
oando-tables--stake,tables,5,oando-tables--stake/image-5.webp
oando-tables--stake,tables,6,oando-tables--stake/image-6.webp
oando-tables--stake,tables,7,oando-tables--stake/image-7.webp
oando-tables--uniflip,tables,1,oando-tables--uniflip/image-1.webp
oando-tables--uniflip,tables,2,oando-tables--uniflip/image-2.webp
oando-tables--uniflip,tables,3,oando-tables--uniflip/image-3.webp
oando-tables--uniflip,tables,4,oando-tables--uniflip/image-4.webp
oando-tables--uniflip,tables,5,oando-tables--uniflip/image-5.webp
oando-tables--uniflip,tables,6,oando-tables--uniflip/image-6.webp
oando-tables--uniflip,tables,7,oando-tables--uniflip/image-7.webp
oando-tables--x-meet,tables,1,oando-tables--x-meet/image-1.webp
oando-tables--x-meet,tables,2,oando-tables--x-meet/image-2.webp
oando-tables--x-meet,tables,3,oando-tables--x-meet/image-3.webp
oando-tables--x-meet,tables,4,oando-tables--x-meet/image-4.webp
oando-tables--x-meet,tables,5,oando-tables--x-meet/image-5.webp
oando-tables--x-meet,tables,6,oando-tables--x-meet/image-6.webp
oando-tables--x-meet,tables,7,oando-tables--x-meet/image-7.webp
oando-workstations--adaptable,workstations,1,oando-workstations--adaptable/image-1.webp
oando-workstations--adaptable,workstations,2,oando-workstations--adaptable/image-2.webp
oando-workstations--adaptable,workstations,3,oando-workstations--adaptable/image-3.webp
oando-workstations--adaptable,workstations,4,oando-workstations--adaptable/image-4.webp
oando-workstations--adaptable,workstations,5,oando-workstations--adaptable/image-5.webp
oando-workstations--adaptable,workstations,6,oando-workstations--adaptable/image-6.webp
oando-workstations--adaptable,workstations,7,oando-workstations--adaptable/image-7.webp
oando-workstations--curvivo,workstations,1,oando-workstations--curvivo/image-1.webp
oando-workstations--curvivo,workstations,2,oando-workstations--curvivo/image-2.webp
oando-workstations--curvivo,workstations,3,oando-workstations--curvivo/image-3.webp
oando-workstations--curvivo,workstations,4,oando-workstations--curvivo/image-4.webp
oando-workstations--curvivo,workstations,5,oando-workstations--curvivo/image-5.webp
oando-workstations--curvivo,workstations,6,oando-workstations--curvivo/image-6.webp
oando-workstations--curvivo,workstations,7,oando-workstations--curvivo/image-7.webp
oando-workstations--deskpro,workstations,1,oando-workstations--deskpro/image-1.webp
oando-workstations--deskpro,workstations,2,oando-workstations--deskpro/image-2.webp
oando-workstations--deskpro,workstations,3,oando-workstations--deskpro/image-3.webp
oando-workstations--deskpro,workstations,4,oando-workstations--deskpro/image-4.webp
oando-workstations--deskpro,workstations,5,oando-workstations--deskpro/image-5.webp
oando-workstations--deskpro,workstations,6,oando-workstations--deskpro/image-6.webp
oando-workstations--deskpro,workstations,7,oando-workstations--deskpro/image-7.webp
oando-workstations--fenix,workstations,1,oando-workstations--fenix/image-1.webp
oando-workstations--fenix,workstations,2,oando-workstations--fenix/image-2.webp
oando-workstations--fenix,workstations,3,oando-workstations--fenix/image-3.webp
oando-workstations--fenix,workstations,4,oando-workstations--fenix/image-4.webp
oando-workstations--fenix,workstations,5,oando-workstations--fenix/image-5.webp
oando-workstations--fenix,workstations,6,oando-workstations--fenix/image-6.webp
oando-workstations--fenix,workstations,7,oando-workstations--fenix/image-7.webp
oando-workstations--panel-pro,workstations,1,oando-workstations--panel-pro/image-1.webp
oando-workstations--panel-pro,workstations,2,oando-workstations--panel-pro/image-2.webp
oando-workstations--panel-pro,workstations,3,oando-workstations--panel-pro/image-3.webp
oando-workstations--panel-pro,workstations,4,oando-workstations--panel-pro/image-4.webp
oando-workstations--panel-pro,workstations,5,oando-workstations--panel-pro/image-5.webp
oando-workstations--panel-pro,workstations,6,oando-workstations--panel-pro/image-6.webp
oando-workstations--panel-pro,workstations,7,oando-workstations--panel-pro/image-7.webp
oando-workstations--sleek,workstations,1,oando-workstations--sleek/image-1.webp
oando-workstations--sleek,workstations,2,oando-workstations--sleek/image-2.webp
oando-workstations--sleek,workstations,3,oando-workstations--sleek/image-3.webp
oando-workstations--sleek,workstations,4,oando-workstations--sleek/image-4.webp
oando-workstations--sleek,workstations,5,oando-workstations--sleek/image-5.webp
oando-workstations--sleek,workstations,6,oando-workstations--sleek/image-6.webp
oando-workstations--sleek,workstations,7,oando-workstations--sleek/image-7.webp
oando-workstations--trio-2,workstations,1,oando-workstations--trio-2/image-1.webp
oando-workstations--trio-2,workstations,2,oando-workstations--trio-2/image-2.webp
oando-workstations--trio-2,workstations,3,oando-workstations--trio-2/image-3.webp
oando-workstations--trio-2,workstations,4,oando-workstations--trio-2/image-4.webp
oando-workstations--trio-2,workstations,5,oando-workstations--trio-2/image-5.webp
oando-workstations--trio-2,workstations,6,oando-workstations--trio-2/image-6.webp
oando-workstations--trio-2,workstations,7,oando-workstations--trio-2/image-7.webp
oando-workstations--x-bench,workstations,1,oando-workstations--x-bench/image-1.webp
oando-workstations--x-bench,workstations,2,oando-workstations--x-bench/image-2.webp
oando-workstations--x-bench,workstations,3,oando-workstations--x-bench/image-3.webp
oando-workstations--x-bench,workstations,4,oando-workstations--x-bench/image-4.webp
oando-workstations--x-bench,workstations,5,oando-workstations--x-bench/image-5.webp
oando-workstations--x-bench,workstations,6,oando-workstations--x-bench/image-6.webp
oando-workstations--x-bench,workstations,7,oando-workstations--x-bench/image-7.webp
